var,regime,lead,rmse_regime_aware,rmse_standard,pct_better
rain,all days,1,8.432942390441895,8.425851821899414,-0.08415254205465317
rain,all days,2,8.925586700439453,8.936573028564453,0.12293670326471329
rain,all days,3,9.121240615844727,9.130250930786133,0.09868638962507248
rain,all days,4,9.19610595703125,9.19992446899414,0.041505906730890274
rain,all days,5,9.194242477416992,9.1957368850708,0.01625109277665615
rain,wet,1,16.09678077697754,16.089744567871094,-0.04373101890087128
rain,wet,2,16.000368118286133,16.027908325195312,0.1718265861272812
rain,wet,3,14.239842414855957,14.297791481018066,0.4053008258342743
rain,wet,4,13.47761058807373,13.540946960449219,0.46773961186408997
rain,wet,5,13.960501670837402,13.99998950958252,0.28205621242523193
rain,dry,1,5.519749641418457,5.511009693145752,-0.15859068930149078
rain,dry,2,6.444943428039551,6.448667049407959,0.05774249508976936
rain,dry,3,7.572500705718994,7.562082767486572,-0.13776546716690063
rain,dry,4,7.973620414733887,7.955756664276123,-0.2245386689901352
rain,dry,5,7.789237976074219,7.7760419845581055,-0.16970062255859375
tmax,all days,1,1.0041799545288086,1.0046697854995728,0.04875541850924492
tmax,all days,2,1.3991929292678833,1.3994492292404175,0.01831434667110443
tmax,all days,3,1.6127666234970093,1.6141637563705444,0.08655459433794022
tmax,all days,4,1.7188092470169067,1.7212660312652588,0.14273123443126678
tmax,all days,5,1.777957558631897,1.781003475189209,0.17102248966693878
tmax,wet,1,1.3886014223098755,1.3902146816253662,0.11604389548301697
tmax,wet,2,1.8023406267166138,1.8033167123794556,0.054127246141433716
tmax,wet,3,1.8553287982940674,1.8592292070388794,0.2097863256931305
tmax,wet,4,1.935129165649414,1.943709135055542,0.4414224922657013
tmax,wet,5,2.0643484592437744,2.0758862495422363,0.5558006763458252
tmax,dry,1,0.8997186422348022,0.8998451232910156,0.014055869542062283
tmax,dry,2,1.2956360578536987,1.2956788539886475,0.0033029892947524786
tmax,dry,3,1.5553549528121948,1.5561102628707886,0.048538338392972946
tmax,dry,4,1.66835355758667,1.6692771911621094,0.05533134937286377
tmax,dry,5,1.7097394466400146,1.7105737924575806,0.04877578467130661
