var,season,lead,rmse_season_aware,rmse_all_year,pct_better
rain,all year,1,8.429898262023926,8.425851821899414,-0.04802410677075386
rain,all year,2,8.948424339294434,8.936573028564453,-0.1326158344745636
rain,all year,3,9.140953063964844,9.130250930786133,-0.11721619963645935
rain,all year,4,9.215392112731934,9.19992446899414,-0.16812793910503387
rain,all year,5,9.210949897766113,9.1957368850708,-0.16543549299240112
rain,winter,1,0.46424904465675354,0.46427974104881287,0.006611615885049105
rain,winter,2,0.4125409424304962,0.3867151737213135,-6.678239822387695
rain,winter,3,0.3471219837665558,0.35045334696769714,0.9505867958068848
rain,winter,4,0.34154340624809265,0.34625470638275146,1.3606457710266113
rain,winter,5,0.285974383354187,0.2905774414539337,1.5841071605682373
rain,pre_monsoon,1,6.262352466583252,6.222681522369385,-0.6375216841697693
rain,pre_monsoon,2,6.1939544677734375,6.134551525115967,-0.968333899974823
rain,pre_monsoon,3,6.32012939453125,6.260472297668457,-0.9529168605804443
rain,pre_monsoon,4,6.3944878578186035,6.319885730743408,-1.1804347038269043
rain,pre_monsoon,5,6.401957988739014,6.326737403869629,-1.1889317035675049
rain,monsoon,1,11.659111022949219,11.666238784790039,0.061097342520952225
rain,monsoon,2,12.435837745666504,12.435530662536621,-0.0024694011081010103
rain,monsoon,3,12.708033561706543,12.707515716552734,-0.004075109492987394
rain,monsoon,4,12.832088470458984,12.828561782836914,-0.027490904554724693
rain,monsoon,5,12.82206916809082,12.818888664245605,-0.024811072275042534
rain,post_monsoon,1,7.8623270988464355,7.862861633300781,0.006798217538744211
rain,post_monsoon,2,8.590165138244629,8.585638046264648,-0.05272866040468216
rain,post_monsoon,3,8.773188591003418,8.773253440856934,0.000739176815841347
rain,post_monsoon,4,8.785365104675293,8.782477378845215,-0.03288053721189499
rain,post_monsoon,5,8.782197952270508,8.780282974243164,-0.021809980273246765
tmax,all year,1,1.0049365758895874,1.0046697854995728,-0.026555033400654793
tmax,all year,2,1.4018391370773315,1.3994492292404175,-0.1707748919725418
tmax,all year,3,1.6166672706604004,1.6141637563705444,-0.15509667992591858
tmax,all year,4,1.7209733724594116,1.7212660312652588,0.0170025322586298
tmax,all year,5,1.7767393589019775,1.781003475189209,0.23942212760448456
tmax,winter,1,0.601608395576477,0.6010185480117798,-0.09814132750034332
tmax,winter,2,0.8966400027275085,0.8948405981063843,-0.2010866105556488
tmax,winter,3,1.0317741632461548,1.0311750173568726,-0.05810321867465973
tmax,winter,4,1.0827033519744873,1.0858955383300781,0.2939680814743042
tmax,winter,5,1.071778655052185,1.0796247720718384,0.7267448306083679
tmax,pre_monsoon,1,1.093134880065918,1.0914993286132812,-0.1498444825410843
tmax,pre_monsoon,2,1.4743081331253052,1.46474027633667,-0.6532118320465088
tmax,pre_monsoon,3,1.79183828830719,1.781800627708435,-0.5633436441421509
tmax,pre_monsoon,4,1.9497604370117188,1.9466146230697632,-0.16160434484481812
tmax,pre_monsoon,5,2.0518577098846436,2.060476541519165,0.4182931184768677
tmax,monsoon,1,1.2134294509887695,1.2136930227279663,0.021716507151722908
tmax,monsoon,2,1.6985641717910767,1.70013427734375,0.09235185384750366
tmax,monsoon,3,1.9074441194534302,1.9116475582122803,0.2198856621980667
tmax,monsoon,4,2.013355016708374,2.0203442573547363,0.34594306349754333
tmax,monsoon,5,2.067307949066162,2.076923131942749,0.46295323967933655
tmax,post_monsoon,1,0.7778540849685669,0.7785899639129639,0.09451431035995483
tmax,post_monsoon,2,1.1145150661468506,1.1130499839782715,-0.13162770867347717
tmax,post_monsoon,3,1.2632306814193726,1.2564030885696411,-0.5434237718582153
tmax,post_monsoon,4,1.3251972198486328,1.3149311542510986,-0.7807302474975586
tmax,post_monsoon,5,1.3558961153030396,1.34030282497406,-1.1634154319763184
