var,lead,source,rmse,bias,corr,n
rain,1,persistence,11.046790242916973,7.905017368058094e-06,0.34471109618638973,273240
rain,1,climatology,9.17047453413361,0.12106400606284855,0.31247811614023363,273240
rain,1,lgbm,8.207825741208067,0.041518403689878226,0.5262106366426058,273240
rain,1,linreg,8.685252197554103,0.2439157792484594,0.4379878442943826,273240
rain,1,blend,8.425851858431711,0.12202878683626685,0.4902573005710987,273240
rain,2,persistence,11.97863173311113,8.9483492227834e-05,0.22949600697248612,273240
rain,2,climatology,9.170447226922942,0.12069117869392906,0.31248840038792236,273240
rain,2,lgbm,8.894153208330557,0.011869849786487797,0.3888405521992943,273240
rain,2,linreg,9.074233214129217,0.19839117261815495,0.3435337893981444,273240
rain,2,blend,8.936575704027033,0.10112047703600625,0.37940656579928594,273240
rain,3,persistence,12.534249058939888,6.438302915131442e-05,0.15635969407353412,273240
rain,3,climatology,9.170451625684132,0.12031708385875108,0.31248688266542207,273240
rain,3,lgbm,9.14404458244269,-0.018657395414843198,0.31941055705216453,273240
rain,3,linreg,9.231566198305,0.1754596887529204,0.29208455553892515,273240
rain,3,blend,9.130246968127329,0.08823339277792713,0.32376621748190487,273240
rain,4,persistence,12.757382998889216,0.0001284887869602737,0.12605654198560365,273240
rain,4,climatology,9.170457241195377,0.12006242261255566,0.31248992522244556,273240
rain,4,lgbm,9.195491343544,-0.0052727852586713034,0.30329057193667996,273240
rain,4,linreg,9.27303718355592,0.17577674343003316,0.2772228285226628,273240
rain,4,blend,9.19992506563686,0.09336324713248219,0.30228323875145924,273240
rain,5,persistence,12.686754705993009,0.0005065296695352527,0.13568806940469472,273240
rain,5,climatology,9.17016182564352,0.12022369343796928,0.3125220782670243,273240
rain,5,lgbm,9.20527041500304,0.03673692815433462,0.30026002726869394,273240
rain,5,linreg,9.28467370712394,0.18223258435607748,0.2729820225592434,273240
rain,5,blend,9.19573615769807,0.10621627803137187,0.30348374725964344,273240
tmax,1,persistence,1.0590324892984324,0.0024943508976742424,0.9547822186319049,273240
tmax,1,climatology,2.062860246983126,0.034604326712493576,0.8243333743679436,273240
tmax,1,lgbm,1.0079856466077375,-0.003020782485798431,0.9582105704719602,273240
tmax,1,linreg,1.0307068612644732,0.0012018219192770421,0.9562325445629819,273240
tmax,1,blend,1.0046697099473387,0.00066490354439888,0.9584628384052917,273240
tmax,2,persistence,1.5364897060988598,0.0051871986322671,0.9048818212032386,273240
tmax,2,climatology,2.062841210230195,0.03624043071441011,0.8245203948982376,273240
tmax,2,lgbm,1.4211162383787586,0.001593017464255784,0.9151393800310861,273240
tmax,2,linreg,1.4604702711494248,0.0026192029644430443,0.9101443222932538,273240
tmax,2,blend,1.399448874812798,0.0038527011500499447,0.9178274492095652,273240
tmax,3,persistence,1.8515047731555385,0.006675534318331447,0.8619478219996654,273240
tmax,3,climatology,2.0629187519954595,0.036705448708271075,0.8246515692764436,273240
tmax,3,lgbm,1.6441699208208693,-0.002346176277263118,0.8849627784499822,273240
tmax,3,linreg,1.7169221042636829,0.00303921015523325,0.8736897649553268,273240
tmax,3,blend,1.6141638058988317,0.0017890622275166378,0.889293112690388,273240
tmax,4,persistence,2.0407674089098444,0.00445925744372848,0.8321588760153861,273240
tmax,4,climatology,2.0622717633503096,0.033423114279722714,0.8246552740276172,273240
tmax,4,lgbm,1.7537224448464592,-0.006336616538328685,0.8682283608622228,273240
tmax,4,linreg,1.8621982759202467,-0.0003087100936769305,0.8495025480193121,273240
tmax,4,blend,1.7212662236688612,-0.001948733421653627,0.8731074071971875,273240
tmax,5,persistence,2.1572665273471667,0.000763397856558631,0.8121924242047474,273240
tmax,5,climatology,2.060001432778705,0.02856517985840525,0.8248088580495156,273240
tmax,5,lgbm,1.8173633904021773,-0.016705603361164664,0.8577371945708828,273240
tmax,5,linreg,1.9518197991120443,-0.005745642362515586,0.8329638088781226,273240
tmax,5,blend,1.781003166848618,-0.00867051822586685,0.8633069334803903,273240
