var,lead,source,rmse
wspd,1,persistence,1.2692081928253174
wspd,2,persistence,1.574284553527832
wspd,3,persistence,1.8190960884094238
wspd,4,persistence,1.8373467922210693
wspd,5,persistence,1.7671444416046143
wspd,1,climatology,1.4014021158218384
wspd,2,climatology,1.5073356628417969
wspd,3,climatology,1.588628888130188
wspd,4,climatology,1.5213658809661865
wspd,5,climatology,1.4257830381393433
wspd,1,s2s_nwp,1.1608260869979858
wspd,2,s2s_nwp,1.1635386943817139
wspd,3,s2s_nwp,1.3345893621444702
wspd,4,s2s_nwp,1.362688660621643
wspd,5,s2s_nwp,1.4386082887649536
wspd,1,BLEND,0.9494538307189941
wspd,2,BLEND,0.9730390310287476
wspd,3,BLEND,1.1748868227005005
wspd,4,BLEND,1.2328758239746094
wspd,5,BLEND,1.2239151000976562
