lead,truth,rmse,bias,corr,obs_mean,n
1,IMD,11.81820784338363,0.11721737166327596,0.47254990917969475,5.692347090395056,83326
1,MERA,21.210903868815972,0.43070575582131987,0.2525756336845195,5.378858706237012,83326
2,IMD,12.548185321808427,0.09034187870797059,0.35447434149989615,5.692347090395056,83326
2,MERA,21.44270825088629,0.4038302628660142,0.2131801430363237,5.378858706237012,83326
3,IMD,12.821878185799841,0.062128396776768076,0.2856747365662023,5.692347090395056,83326
3,MERA,21.616885626326066,0.37561678093481193,0.1668052570579395,5.378858706237012,83326
4,IMD,12.931989430231601,0.06889484386552844,0.25284615951213685,5.692347090395056,83326
4,MERA,21.66313484883331,0.38238322802357233,0.15271047350859052,5.378858706237012,83326
5,IMD,12.917234903136432,0.06676241907101417,0.2578327614048634,5.692347090395056,83326
5,MERA,21.635890080440802,0.38025080322905813,0.16153358790908645,5.378858706237012,83326
